Date,Open,High,Low,Close,Volume
2020-10-28,26,29.48,26,27,15889977
2020-10-29,28.1,28.18,24.05,25.8,5326640
2020-10-30,25.02,25.5,22.71,23.97,5021278
2020-11-02,23.8,24.5,21.77,23.69,3131328
2020-11-03,23.56,24.19,22.53,22.75,3758643
2020-11-04,23.2,23.74,22.8,23.03,745231
2020-11-05,23.11,24.79,23.05,23.76,928897
2020-11-06,24,24.15,22.71,22.74,630105
2020-11-09,23.15,23.37,22.085,22.71,1104788
2020-11-10,22.5,23.28,22.27,22.89,1047173
2020-11-11,23.02,23.82,22.63,22.74,539892
2020-11-12,22.8,22.88,22.2,22.35,613188
2020-11-13,22.41,22.4997,20.74,21,810485
2020-11-16,21.6,21.6,19.665,19.85,1472550
2020-11-17,20,20.2081,19.12,19.22,890356
2020-11-18,19.02,19.29,17.07,17.17,3025667
2020-11-19,17.3,19.45,16.87,19.26,2578247
2020-11-20,19.36,19.4495,18.45,19,632546
2020-11-23,17.9864,18.28,17,17.02,2929698
2020-11-24,17.41,17.58,16.59,16.73,1370406
2020-11-25,16.8,17.51,16.77,17.01,1174659
2020-11-27,17.03,17.45,16.93,17.23,628542
2020-11-30,17.66,17.745,17.01,17.7,1232590
2020-12-01,17.83,17.85,16.83,17,1412539
2020-12-02,15.425,15.99,14.56,14.7,3181791
2020-12-03,14.91,15.59,14.02,14.3,5175393
2020-12-04,14.534,14.585,13.78,14.26,2268362
2020-12-07,14.4,15.61,14,15.52,2489294
2020-12-08,15.08,15.4,14.42,14.97,1489104
2020-12-09,14.82,15.03,14.07,14.07,1511427
2020-12-10,14.01,14.27,13.81,14.02,2913226
2020-12-11,14.09,14.7621,14,14.1,1528965
2020-12-14,14.33,15.15,14.28,14.6,1507821
2020-12-15,14.73,14.83,13.85,14.14,1885987
2020-12-16,14.13,14.165,13.57,13.91,1297912
2020-12-17,14.52,14.69,13.99,14.14,2301579
2020-12-18,14.29,14.3,13.9,14.05,3151738
2020-12-21,14.51,16.4817,14.25,16.41,6008369
2020-12-22,17.7,19.75,17.05,18.14,5761293
2020-12-23,19.5,19.8,17.6,18.37,3717498
2020-12-24,18.7341,18.96,16.74,17.17,1846909
2020-12-28,16.77,17.82,15.58,17.49,2495520
2020-12-29,17.89,18.46,16.75,16.88,1670196
2020-12-30,17.01,17.19,15.61,16.55,3010176
2020-12-31,16.42,16.42,15.42,15.71,1900696
2021-01-04,15.26,16.325,14.54,16.05,2909010
2021-01-05,16.05,17.34,15.72,17.26,2175865
2021-01-06,16.315,17.27,16.25,16.73,1466401
2021-01-07,16.65,18.5,16.55,18.4,2230404
2021-01-08,18.46,19.33,17.9,19.33,2639021
2021-01-11,19.14,19.22,18.05,18.56,1698714
2021-01-12,18.28,19.22,17.65,19.21,1920063
2021-01-13,19.21,25.63,19,23.15,7687356
2021-01-14,22.3,22.4499,20.81,21,2938185
2021-01-15,21.5,21.8,19.33,19.86,2143304
2021-01-19,19.9,20.49,18.91,19.01,2000086
2021-01-20,19.01,19.115,17.7,17.88,3394404
2021-01-21,18,18.42,17.24,17.78,1924752
2021-01-22,17.62,19.68,17.58,19.59,2211978
2021-01-25,19.89,21.69,19.02,20.92,3302070
2021-01-26,21.1601,21.95,20.15,21.83,2078234
2021-01-27,21.33,24.95,21.05,21.94,3901533
2021-01-28,22.01,22.2687,18.84,20.53,2090602
2021-01-29,20.6,21.15,19.54,20.155,1448723
2021-02-01,20.6,21.56,19.69,21.26,1796413
2021-02-02,21.9583,22.06,20.607,21.41,1737839
2021-02-03,21.66,22.39,21.1,22.35,1022155
2021-02-04,22.58,22.91,21.52,21.91,1027388
2021-02-05,22.27,22.28,20.92,21.77,1106643
2021-02-08,22.41,22.69,20.15,20.74,1855242
2021-02-09,20.99,21.9189,20.75,21.88,1086907
2021-02-10,21.9,21.9307,20.5,21.36,707165
2021-02-11,21.35,21.51,20.57,20.8,652025
2021-02-12,21.25,21.25,20.05,20.34,866517
2021-02-16,20.9,20.9,19.2014,19.56,1757287
2021-02-17,19.34,19.6444,18.4,19.56,1353471
2021-02-18,19.39,19.39,18.35,18.36,1004987
2021-02-19,18.72,18.76,17.6,17.81,2139869
2021-02-22,17.87,17.87,17.02,17.33,1869465
2021-02-23,17,17.04,15.5335,16.64,1631725
2021-02-24,16.92,17.16,16.14,16.32,1003375
2021-02-25,16.5,17.1617,15.76,16.42,1704893
2021-02-26,14.79,15,12.85,13.49,8756042
2021-03-01,14.01,14.28,13.5,13.81,1906749
2021-03-02,13.9,14.3479,13.36,13.55,2214971
2021-03-03,13.99,15.45,13.85,14.02,3233285
2021-03-04,14.09,14.39,12.5,13.44,2944298
2021-03-05,13.4,13.46,11.85,12.95,2280638
2021-03-08,12.95,13.1,12.31,12.35,1588272
2021-03-09,12.07,12.7,11.49,12.17,4150882
2021-03-10,12.4202,12.4202,11.15,11.5,3646645
2021-03-11,11.7,12.03,11.1,11.74,3254449
2021-03-12,11.71,11.71,10.91,10.99,3668705
2021-03-15,11.2,11.77,10.88,11.41,3389191
2021-03-16,11.63,12.59,11.05,11.22,4349272
2021-03-17,11.1,11.3,10.45,11.29,4193718
2021-03-18,11.15,11.7489,10.9,11.19,2838735
2021-03-19,11.26,12.8,10.93,12,7204211
2021-03-22,12.7077,12.78,11.3,11.88,6697624
2021-03-23,11.94,12.96,11.75,12.4,4414483
2021-03-24,12.9385,12.9385,11.91,12.27,4238228
2021-03-25,12.14,12.93,11.76,12.87,8107927
2021-03-26,13.5,15.41,13.12,14.34,25378731
2021-03-29,14.56,14.67,12.74,13.05,6066646
2021-03-30,12.913,13.06,11.88,13.04,4865788
2021-03-31,12.99,13.6799,11.81,12.73,8150383
2021-04-01,13.02,13.32,12.18,12.19,3622523
2021-04-05,12.35,12.5,11.27,11.96,5167044
2021-04-06,11.87,12.6305,11.513,12.3,2806083
2021-04-07,12.22,12.35,11.899,12.08,1675591
2021-04-08,12.16,13.12,12.05,12.35,3418183
2021-04-09,12.2,12.249,11.6,11.86,2723498
2021-04-12,11.78,11.83,11.21,11.31,2097029
2021-04-13,11.24,11.4099,10.9,11.29,2020086
2021-04-14,11.37,11.76,10.98,11.1,1885710
2021-04-15,11.15,11.25,10.55,11.12,2323502
2021-04-16,11,11.27,10.75,11.11,1532755
2021-04-19,11,11.0243,10.05,10.2,4001909
2021-04-20,10.2,10.21,9.42,9.9,2854379
2021-04-21,9.77,10.41,9.6277,10.2,1694360
2021-04-22,10.14,10.56,10.11,10.26,1480126
2021-04-23,10.34,11.0499,10.3,10.66,2438188
2021-04-26,10.56,11.4,10.46,10.98,4028771
2021-04-27,11.175,11.66,10.94,11.22,2197054
2021-04-28,11.16,11.45,10.72,10.85,1768389
2021-04-29,11.12,11.1399,10.7,10.85,1375564
2021-04-30,10.81,11.09,10.55,10.77,1486081
2021-05-03,10.69,10.8,10.25,10.66,1431865
2021-05-04,10.4066,10.6154,9.96,10.5,1510048
2021-05-05,10.45,10.9,10.06,10.2,2326639
2021-05-06,10.57,11.5,9.85,10.22,6929307
2021-05-07,10.24,10.59,9.81,10.39,3179419
2021-05-10,10.09,10.13,9.35,9.45,3692440
2021-05-11,8.75,9.77,8.19,9.445,4430918
2021-05-12,9.14,9.25,8.95,9.06,2304931
2021-05-13,9.02,9.13,8.66,8.99,2420754
2021-05-14,9,9.57,8.71,9.34,3030126
2021-05-17,9.29,9.37,8.73,9.12,1814503
2021-05-18,9.12,9.6,9.03,9.495,1343561
2021-05-19,9.01,9.24,8.8226,9.13,2377341
2021-05-20,9.07,9.41,9.07,9.26,1245093
2021-05-21,9.21,9.41,9.13,9.14,1080158
2021-05-24,9.18,9.25,8.8,8.93,1545683
2021-05-25,8.87,8.9,8.33,8.38,4196334
2021-05-26,8.4,8.855,8.32,8.69,3609626
2021-05-27,8.7,9.03,8.55,8.91,2265827
2021-05-28,9.06,10.33,9,9.12,6031237
2021-06-01,9.24,9.36,8.61,9.25,3712032
2021-06-02,9.33,10.04,9.15,9.84,4808976
2021-06-03,9.799,10.12,9.432,9.58,3064427
2021-06-04,9.6,9.88,9.44,9.5,1741664
2021-06-07,9.5,9.96,9.25,9.8,2857210
2021-06-08,10.08,11.42,9.98,11.31,11369603
2021-06-09,13.02,14.7,12.58,13.47,43145083
2021-06-10,13.12,13.45,11.5,12.02,9104405
2021-06-11,12.1997,12.73,11.682,11.99,4374361
2021-06-14,11.76,12.27,11.36,12.01,4609426
2021-06-15,11.7,11.7008,10.72,10.8,6042412
2021-06-16,10.66,11.05,10.41,10.78,4172958
2021-06-17,10.56,11.2,10.48,10.98,4165035
2021-06-18,10.88,11.02,10.6,10.71,4136902
2021-06-21,10.71,10.77,10.41,10.57,2537932
2021-06-22,10.5,10.74,10.34,10.74,2407045
2021-06-23,10.75,11.03,10.58,10.79,3177728
2021-06-24,10.8,11.03,10.66,10.96,3239733
2021-06-25,11.16,11.17,10.25,10.75,12481857
2021-06-28,10.94,11.11,10.71,11.06,3917348
2021-06-29,11.12,11.49,10.59,10.8,3774871
2021-06-30,10.64,10.96,10.39,10.82,1897923
2021-07-01,10.8,10.8,9.86,9.94,3674377
2021-07-02,9.94,10.02,9.425,9.56,2601625
2021-07-06,9.65,9.95,9.44,9.49,1871428
2021-07-07,9.54,9.5956,9.01,9.07,1937150
2021-07-08,8.96,9.65,8.81,9.08,3113728
2021-07-09,9.14,9.21,8.92,9.15,1723362
2021-07-12,9.15,9.2562,8.7932,8.98,2029895
2021-07-13,8.99,9.08,8.7,8.76,2082681
2021-07-14,8.77,8.81,8.16,8.19,3528997
2021-07-15,8.22,8.71,8.04,8.31,3476675
2021-07-16,8.29,8.53,7.92,8.04,12901185
2021-07-19,7.86,8.04,7.755,7.96,2716446
2021-07-20,8.0062,8.2299,7.5601,8.15,3925976
2021-07-21,8.17,8.5101,8.03,8.2,2174453
2021-07-22,8.25,8.265,7.83,7.92,1715099
2021-07-23,7.9704,7.9704,7.57,7.66,2083895
2021-07-26,7.69,8.01,7.6,7.78,1996020
2021-07-27,7.7,7.77,7.25,7.44,2901904
2021-07-28,7.5,7.87,7.44,7.69,1844718
2021-07-29,7.76,8.01,7.585,7.75,1288822
2021-07-30,7.64,7.819,7.5,7.63,1452003
2021-08-02,7.69,7.69,7.23,7.25,3803333
2021-08-03,7.21,7.42,7.09,7.37,2163109
2021-08-04,7.36,7.53,7.11,7.28,1737010
2021-08-05,7.22,7.27,6.98,7.22,3132557
2021-08-06,7.23,7.66,7.16,7.17,2581413
2021-08-09,7.24,7.63,7.235,7.56,2435470
2021-08-10,7.6228,7.6228,6.85,6.87,6435734
2021-08-11,6.89,6.99,6.62,6.87,8754180
2021-08-12,6.8,6.8,5.3,5.54,22810610
2021-08-13,5.46,5.5,5.19,5.23,8160549
2021-08-16,5.25,5.8,5.2,5.5,12134602
2021-08-17,5.4,5.8298,5.36,5.55,9259700
2021-08-18,5.53,6.04,5.475,5.83,8783948
2021-08-19,5.85,5.95,5.585,5.65,3613978
2021-08-20,5.6463,5.73,5.52,5.65,3047829
2021-08-23,5.7257,5.73,5.36,5.56,2787321
2021-08-24,5.65,6.03,5.6357,5.84,4039239
2021-08-25,5.92,6.2,5.7824,5.8,3957276
2021-08-26,5.76,6.015,5.7,5.91,2101858
2021-08-27,5.96,6.56,5.88,6.4,10122969
2021-08-30,7.92,8.4,6.28,6.39,54739454
2021-08-31,6.4038,6.83,6.11,6.45,12705134
2021-09-01,6.52,6.54,6.14,6.29,9042187
2021-09-02,6.28,6.415,6.03,6.24,6932514
2021-09-03,6.22,6.29,5.93,6.01,6047285
2021-09-07,5.98,6.28,5.86,5.93,7065675
2021-09-08,5.9,6.69,5.62,6.26,32376041
2021-09-09,6.21,6.82,6.0101,6.62,32130875
2021-09-10,6.9,6.9599,6.26,6.41,21994835
2021-09-13,6.4,6.57,5.96,6.55,11558857
2021-09-14,6.59,6.7,5.94,6.06,11181770
2021-09-15,6,6.12,5.83,5.9,7905367
2021-09-16,5.84,6.105,5.83,5.97,4925976
2021-09-17,5.98,6.56,5.96,6.1,15396608
2021-09-20,5.94,6.19,5.73,5.8,8628613
2021-09-21,5.82,5.96,5.57,5.75,7571403
2021-09-22,5.77,6.02,5.62,6.02,6379712
2021-09-23,6.02,6.18,5.8483,6.15,5623281
2021-09-24,6.06,6.125,5.73,5.75,6895731
2021-09-27,5.7816,5.85,5.56,5.65,5386677
2021-09-28,5.56,5.6,5.38,5.43,6805266
2021-09-29,5.42,5.45,5.19,5.26,6627291
2021-09-30,5.24,5.35,4.67,5.27,6276914
2021-10-01,5.36,5.36,5.08,5.17,5514715
2021-10-04,5.1737,5.1737,4.72,4.81,8857502
2021-10-05,4.8073,5.02,4.77,4.95,7020706
2021-10-06,4.81,5.38,4.65,5.09,13868799
2021-10-07,5.0983,5.36,5.01,5.15,5921683
2021-10-08,5.17,5.21,4.91,5,3514695
2021-10-11,4.97,5.15,4.92,4.96,2311876
2021-10-12,4.95,5.13,4.92,5.04,4576651
2021-10-13,5.04,5.09,4.91,5.08,4413535
2021-10-14,5.11,5.51,5.07,5.25,8598705
2021-10-15,5.26,5.39,5.03,5.08,4315453
2021-10-18,5.06,5.08,4.96,4.98,3309045
2021-10-19,5,5.38,4.82,5.15,7330191
2021-10-20,5.14,5.42,5.1001,5.34,6214127
2021-10-21,5.28,5.62,5.26,5.48,5022139
2021-10-22,5.41,5.46,5.162,5.23,3080111
2021-10-25,5.23,5.3,5.11,5.3,3511346
2021-10-26,5.28,5.29,4.9576,4.99,4600197
2021-10-27,5,5.05,4.81,4.83,3860427
2021-10-28,4.87,4.92,4.72,4.82,4073931
2021-10-29,4.79,4.855,4.6,4.64,3956293
2021-11-01,4.66,4.98,4.63,4.98,5328662
2021-11-02,4.95,4.96,4.73,4.89,3575211
2021-11-03,4.86,5.25,4.86,5.08,4865213
2021-11-04,5.16,5.18,4.89,5.03,3638617
2021-11-05,5.04,5.0717,4.81,4.9,3805562
2021-11-08,4.875,5.15,4.83,5.07,4363680
2021-11-09,5.09,5.12,4.76,4.95,3544509
2021-11-10,4.9,5.04,4.635,4.67,8174715
2021-11-11,5.24,6.485,5.08,5.78,53317686
2021-11-12,5.97,6.04,5.465,5.59,11276033
2021-11-15,5.395,5.48,4.975,5.03,10551597
2021-11-16,5,5.135,4.87,5,4476158
2021-11-17,4.94,5.04,4.789,4.79,4063619
2021-11-18,4.75,4.8,4.31,4.43,7041476
2021-11-19,4.4,4.74,4.39,4.49,3331794
2021-11-22,4.51,4.53,4.19,4.3,5895035
2021-11-23,4.17,4.32,3.98,4.1,7346868
2021-11-24,4.04,4.26,3.95,4.21,3647349
2021-11-26,4.01,4.1,3.88,4.08,4215998
2021-11-29,4.0573,4.08,3.9,4.07,3730930
2021-11-30,3.97,4.13,3.84,3.98,5943471
2021-12-01,3.96,3.98,3.5615,3.6,5893835
2021-12-02,3.58,3.69,3.43,3.52,4897873
2021-12-03,3.5,3.55,3.26,3.33,4930704
2021-12-06,3.28,3.58,3.14,3.43,4131853
2021-12-07,3.44,3.75,3.44,3.7,4198796
2021-12-08,3.68,3.89,3.6245,3.82,2563096
2021-12-09,3.76,3.815,3.45,3.52,3997047
2021-12-10,3.5,3.59,3.325,3.37,3881236
2021-12-13,3.3402,3.4212,3.21,3.28,2278816
2021-12-14,3.15,3.339,3.08,3.24,2908347
2021-12-15,3.2,3.335,3.04,3.31,3973655
2021-12-16,3.37,3.41,3.17,3.18,2814152
2021-12-17,3.14,3.45,3.08,3.1,8384514
2021-12-20,3.08,3.13,2.965,3.04,5414135
2021-12-21,3.04,3.29,3.035,3.16,5691347
2021-12-22,3.19,3.285,3.11,3.21,4401277
2021-12-23,3.19,3.27,3.1383,3.24,3476781
2021-12-27,3.2,3.24,3.09,3.1,3409147
2021-12-28,3.1082,3.13,2.98,3.06,4013303
2021-12-29,3.05,3.095,2.84,2.88,5273503
2021-12-30,2.85,3.24,2.85,3.09,6004811
2021-12-31,3.11,3.22,3.09,3.1,3573506
2022-01-03,3.1781,3.39,3.12,3.29,3401654
2022-01-04,3.33,3.385,3.1,3.16,3192323
2022-01-05,3.13,3.25,2.93,2.95,3415382
2022-01-06,2.99,3.04,2.78,2.85,4591094
2022-01-07,2.8405,3,2.84,2.86,1916376
2022-01-10,2.83,2.84,2.65,2.81,3500339
2022-01-11,2.79,2.9,2.74,2.86,1748498
2022-01-12,2.9,2.9,2.7,2.79,2475009
2022-01-13,2.79,2.83,2.62,2.63,2332083
2022-01-14,2.5765,2.7,2.51,2.69,3237780
2022-01-18,2.65,2.68,2.46,2.48,3726576
2022-01-19,2.5,2.53,2.35,2.38,2588834
2022-01-20,2.43,2.495,2.27,2.28,3418934
2022-01-21,2.14,2.15,1.82,1.9,10275985
2022-01-24,1.7484,1.89,1.65,1.89,5768306
2022-01-25,1.8,1.94,1.78,1.89,3257056
2022-01-26,1.98,1.99,1.7,1.72,5989764
2022-01-27,1.81,1.81,1.56,1.58,4720221
2022-01-28,1.63,1.86,1.58,1.78,7121965
2022-01-31,1.89,2.16,1.83,2.01,6461704
2022-02-01,2.06,2.16,1.92,2.1,3426297
2022-02-02,2.12,2.13,1.91,1.95,2682337
2022-02-03,1.89,1.948,1.81,1.83,1391080
2022-02-04,1.84,1.91,1.78,1.9,1865759
2022-02-07,1.92,2.01,1.88,1.89,1906100
2022-02-08,1.92,1.92,1.8,1.84,3338238
2022-02-09,1.9,1.96,1.8,1.92,4790580
2022-02-10,1.85,1.94,1.78,1.79,2641711
2022-02-11,1.82,1.86,1.7,1.71,1909059
2022-02-14,1.72,1.7482,1.64,1.69,1644761
2022-02-15,1.71,1.82,1.71,1.79,2390609
2022-02-16,1.8,1.81,1.7,1.75,1721707
2022-02-17,1.75,1.78,1.63,1.65,1997587
2022-02-18,1.65,1.69,1.56,1.6,2690924
2022-02-22,1.58,1.65,1.53,1.54,3694543
2022-02-23,1.62,1.62,1.43,1.45,5330996
2022-02-24,1.44,1.65,1.3,1.64,8036967
2022-02-25,1.61,1.91,1.59,1.85,7112642
2022-02-28,1.82,1.91,1.76,1.81,4787499
2022-03-01,1.83,1.83,1.7,1.74,2860198
2022-03-02,1.75,1.76,1.58,1.63,3185852
2022-03-03,1.68,1.7,1.54,1.54,2577803
2022-03-04,1.53,1.5673,1.48,1.49,3178322
2022-03-07,1.49,1.59,1.47,1.54,2257805
2022-03-08,1.54,1.57,1.43,1.52,3302945
2022-03-09,1.56,1.67,1.53,1.66,2661541
2022-03-10,1.6,1.68,1.565,1.64,1446177
2022-03-11,1.64,1.68,1.53,1.53,1849821
2022-03-14,1.54,1.56,1.37,1.405,3013001
2022-03-15,1.4,1.55,1.37,1.52,2467881
2022-03-16,1.56,1.675,1.52,1.61,4195528
2022-03-17,1.66,2,1.615,1.81,10033119
2022-03-18,1.79,2.17,1.77,2.16,11662977
2022-03-21,2.12,2.37,2.01,2.05,10874199
2022-03-22,2.07,2.23,2.05,2.14,4250117
2022-03-23,2.16,2.27,2.09,2.1,3194569
2022-03-24,2.13,2.14,2.04,2.14,1417267
2022-03-25,2.14,2.14,1.97,2.04,3563618
2022-03-28,2.04,2.0997,1.91,2.08,2675033
2022-03-29,2.1,2.3,2.1,2.25,4161476
2022-03-30,2.24,2.3411,2.1,2.11,3021214
2022-03-31,2.12,2.14,1.96,1.97,1991015
2022-04-01,1.99,2.08,1.96,2.01,1857733
2022-04-04,2.02,2.14,1.98,2.12,2391361
2022-04-05,2.1,2.1,1.95,1.95,2551756
2022-04-06,1.91,1.94,1.84,1.88,2145683
2022-04-07,1.88,1.92,1.79,1.85,1956581
2022-04-08,1.82,1.85,1.71,1.8,2759086
2022-04-11,1.75,1.87,1.72,1.8,1864225
2022-04-12,1.79,1.95,1.79,1.81,2999946
2022-04-13,1.82,1.92,1.8,1.86,1780395
2022-04-14,1.86,1.88,1.72,1.73,2060890
2022-04-18,1.7,1.723,1.57,1.61,3398255
2022-04-19,1.58,1.79,1.58,1.74,2778979
2022-04-20,1.74,1.742,1.67,1.68,1899017
2022-04-21,1.68,1.74,1.52,1.56,2732510
2022-04-22,1.55,1.6,1.48,1.56,2204399
2022-04-25,1.5,1.625,1.5,1.6,3282271
2022-04-26,1.62,1.72,1.55,1.66,4608736
2022-04-27,1.69,1.82,1.62,1.73,4395773
2022-04-28,1.83,2,1.64,1.91,8370966
2022-04-29,1.89,2.05,1.86,1.93,5088153
2022-05-02,1.92,1.995,1.8,1.91,2572695
2022-05-03,1.91,1.95,1.8,1.83,1725541
2022-05-04,1.85,1.92,1.76,1.9,1708974
2022-05-05,1.85,1.86,1.69,1.73,2253757
2022-05-06,1.72,1.785,1.6,1.65,2670261
2022-05-09,1.59,1.615,1.46,1.47,3803401
2022-05-10,1.52,1.55,1.29,1.35,4001802
2022-05-11,1.32,1.33,1.18,1.21,3806322
2022-05-12,1.19,1.26,1.14,1.23,4559485
2022-05-13,1.3101,1.38,1.2901,1.36,3729558
2022-05-16,1.36,1.37,1.22,1.23,2496423
2022-05-17,1.26,1.35,1.25,1.33,1978896
2022-05-18,1.28,1.39,1.26,1.31,1704254
2022-05-19,1.29,1.39,1.28,1.34,1276655
2022-05-20,1.37,1.37,1.22,1.29,1817872
2022-05-23,1.28,1.2816,1.18,1.21,3323661
2022-05-24,1.16,1.25,1.11,1.24,2628697
2022-05-25,1.24,1.28,1.19,1.28,1302056
2022-05-26,1.26,1.35,1.26,1.3,1352686
2022-05-27,1.34,1.43,1.31,1.42,1661237
2022-05-31,1.41,1.5,1.34,1.39,3434752
2022-06-01,1.4,1.434,1.33,1.37,1869825
2022-06-02,1.38,1.51,1.35,1.48,1643458
2022-06-03,1.48,1.51,1.39,1.43,1560684
2022-06-06,1.47,1.51,1.4,1.43,2172285
2022-06-07,1.37,1.45,1.34,1.42,2266995
2022-06-08,1.4,1.44,1.37,1.44,1341892
2022-06-09,1.41,1.415,1.29,1.3,2006981
2022-06-10,1.26,1.295,1.22,1.23,1229346
2022-06-13,1.19,1.23,1.11,1.15,2056997
2022-06-14,1.16,1.19,1.13,1.17,1976790
2022-06-15,1.18,1.305,1.18,1.26,2505065
2022-06-16,1.22,1.27,1.17,1.18,2494606
2022-06-17,1.21,1.32,1.2,1.26,3101742
2022-06-21,1.29,1.395,1.27,1.29,2921921
2022-06-22,1.23,1.405,1.23,1.33,2876525
2022-06-23,1.35,1.52,1.34,1.46,3551110
2022-06-24,1.47,1.52,1.33,1.35,17346894
2022-06-27,1.35,1.395,1.27,1.34,2521911
2022-06-28,1.34,1.375,1.24,1.26,1721863
2022-06-29,1.23,1.2583,1.15,1.16,2184851
2022-06-30,1.17,1.21,1.11,1.19,1632075
2022-07-01,1.2,1.21,1.16,1.18,932842
2022-07-05,1.15,1.21,1.12,1.21,1267230
2022-07-06,1.2,1.22,1.14,1.14,2405769
2022-07-07,1.15,1.2,1.14,1.18,2210489
2022-07-08,1.15,1.19,1.13,1.15,1658352
2022-07-11,1.15,1.15,1.01,1.03,4265746
2022-07-12,1.03,1.07,1.01,1.05,2325272
2022-07-13,0.98,1.03,0.9401,1.01,3482549
2022-07-14,1,1.05,1,1.04,1287834
2022-07-15,1.07,1.078,1,1.04,1172035
2022-07-18,1.06,1.06,1.01,1.03,1524808
2022-07-19,1.03,1.06,1.02,1.05,998260
2022-07-20,1.04,1.1,1.04,1.09,1918482
2022-07-21,1.07,1.1,1.05,1.09,905740
2022-07-22,1.06,1.08,1.01,1.01,1376479
2022-07-25,1.02,1.07,0.961,1.06,1954046
2022-07-26,1.02,1.0466,1.01,1.01,860835
2022-07-27,1.01,1.05,1,1.05,1252528
2022-07-28,1.02,1.09,1,1.08,1482854
2022-07-29,1.08,1.08,1.035,1.05,1556023
2022-08-01,1.03,1.14,1.01,1.05,2267090
2022-08-02,1.05,1.23,1.03,1.17,3054551
2022-08-03,1.16,1.27,1.14,1.27,2180957
2022-08-04,1.27,1.335,1.26,1.32,1738603
2022-08-05,1.27,1.41,1.26,1.38,1708643
2022-08-08,1.43,1.45,1.31,1.37,3517222
2022-08-09,1.13,1.2,0.9898,1.03,7762247
2022-08-10,1.04,1.05,0.955,0.9873,7291300
2022-08-11,1,1.04,0.99,1.01,1953930
2022-08-12,1,1.0178,0.94,0.95,9024461
2022-08-15,14.46,19.26,14.46,19.22,968790
2022-08-16,18.91,19.68,17.78,19.66,500269
2022-08-17,19.72,21.38,19.68,20.27,461654
2022-08-18,19.23,19.85,16.895,17.13,521051
2022-08-19,16.97,17.01,14.64,14.71,671033
2022-08-22,14.69,15,13.8,13.85,375225
2022-08-23,13.77,14.45,13.57,14.31,348339
2022-08-24,14.3,15.57,14.22,15.38,375159
2022-08-25,15.5,15.75,14.31,14.57,340171
2022-08-26,14.62,14.73,13.34,13.37,297124
2022-08-29,13.23,13.63,12.75,12.77,306099
2022-08-30,12.98,13.1498,12.33,12.69,266513
2022-08-31,12.67,12.77,12.02,12.39,208923
2022-09-01,12.27,12.27,11.11,11.4,394635
2022-09-02,11.64,11.82,11.04,11.17,202433
2022-09-06,11.26,11.37,10.71,10.87,297125
2022-09-07,10.79,11.1188,10.79,10.97,330352
2022-09-08,10.89,11.04,10.56,11,318456
2022-09-09,11.11,12.1299,10.98,11.7,620977
2022-09-12,11.81,12.1699,10.9901,11.57,487633
2022-09-13,10.89,11.21,10.56,10.58,458266
2022-09-14,10.54,10.55,9.95,10.3,464244
2022-09-15,10.21,10.59,10.16,10.36,190495
2022-09-16,10.16,10.3725,9.6,9.6,364082
2022-09-19,9.48,9.75,9.39,9.63,175425
2022-09-20,9.62,9.62,9.24,9.27,233260
2022-09-21,9.28,9.7599,9.08,9.2,252358
2022-09-22,9.15,9.32,8.48,8.49,316475
2022-09-23,8.35,8.7,8.27,8.53,258915
2022-09-26,8.5,8.825,8.275,8.35,165365
2022-09-27,8.72,8.72,8.25,8.32,220632
2022-09-28,8.38,8.8,8.24,8.66,163119
2022-09-29,8.49,8.52,7.85,7.99,242491
2022-09-30,8.01,8.36,7.75,7.88,234093
2022-10-03,8.08,8.445,7.815,8.39,271881
2022-10-04,8.65,9,8.54,8.69,308058
2022-10-05,8.79,9.66,8.32,9.09,698331
2022-10-06,9.04,9.3899,8.54,8.64,323325
2022-10-07,8.41,8.53,8.01,8.2,309591
2022-10-10,8.28,8.43,8.01,8.38,154786
2022-10-11,8.31,8.66,7.91,8.52,235663
2022-10-12,8.48,8.49,8.17,8.33,192345
2022-10-13,8.02,8.62,7.85,8.59,240439
2022-10-14,8.7,8.95,7.77,7.78,178096
2022-10-17,7.96,8.195,7.78,7.83,196029
2022-10-18,8.08,8.2282,7.66,7.72,164381
2022-10-19,7.67,7.67,6.92,7.06,327890
2022-10-20,6.98,7.15,6.91,6.91,147869
2022-10-21,6.81,6.89,6.5123,6.81,219788
2022-10-24,6.8,6.8,6.26,6.51,246891
2022-10-25,6.46,7.36,6.46,7.3,272236
2022-10-26,7.25,7.77,7.0991,7.51,120528
2022-10-27,7.56,7.73,7.345,7.42,112148
2022-10-28,7.3,7.8,7.22,7.78,98139
2022-10-31,7.8,8.66,7.73,8.53,247077
2022-11-01,8.74,8.97,7.99,8.07,168663
2022-11-02,8.02,8.25,7.64,7.64,153548
2022-11-03,7.45,7.74,7.42,7.52,111134
2022-11-04,7.49,7.6,7.17,7.56,129037
2022-11-07,7.47,7.58,7.05,7.11,133396
2022-11-08,7.24,7.429,6.86,7.11,163029
2022-11-09,7.01,7.01,6.52,6.55,149786
2022-11-10,7.04,8.19,6.88,7.8,346896
2022-11-11,7.64,8.75,7.53,8.37,269731
2022-11-14,8.24,8.34,7.82,7.85,171484
2022-11-15,8.11,8.46,7.81,8.21,298241
2022-11-16,8.29,8.35,7.92,8.1,266786
2022-11-17,7.78,7.78,7.28,7.33,251907
2022-11-18,7.53,7.5615,6.92,7.05,155445
2022-11-21,6.84,6.95,6.7,6.88,133575
2022-11-22,6.89,6.94,6.61,6.78,90095
2022-11-23,6.74,7.39,6.7,7.29,131885
2022-11-25,7.2,7.57,7.0423,7.52,59681
2022-11-28,7.35,7.48,6.78,6.91,272992
2022-11-29,6.9,7.29,6.87,7.2,114191
2022-11-30,7.18,7.4,6.9256,7.27,205094
2022-12-01,7.33,7.59,6.99,7.05,207631
2022-12-02,6.93,7.57,6.88,7.53,178931
2022-12-05,7.35,7.679,6.94,6.99,152363
2022-12-06,7.03,7.0585,6.35,6.39,219643
2022-12-07,6.29,6.3685,5.67,5.74,334903
2022-12-08,5.8,5.9499,5.64,5.83,112290
2022-12-09,5.85,5.905,5.57,5.6,148556
2022-12-12,5.61,5.635,5.41,5.6,122917
2022-12-13,5.86,6.06,5.21,5.28,242069
2022-12-14,5.35,5.8599,5.33,5.46,355096
2022-12-15,5.23,5.34,4.91,4.96,248825
2022-12-16,4.91,5.2995,4.9,5.17,197536
2022-12-19,5.1,5.14,4.65,4.74,261797
2022-12-20,4.66,5.05,4.66,4.89,159769
2022-12-21,4.91,4.91,4.6998,4.73,192065
2022-12-22,4.65,4.67,4.391,4.46,172236
2022-12-23,4.42,4.66,4.4101,4.64,118600
2022-12-27,4.61,4.61,4.2,4.21,183228
2022-12-28,4.17,4.3485,4.06,4.16,164273
2022-12-29,4.2,4.49,4.1153,4.49,220009
2022-12-30,4.32,4.55,4.32,4.49,153462
2023-01-03,4.38,4.69,4.224,4.31,204334
2023-01-04,4.32,4.65,4.32,4.63,167893
2023-01-05,4.59,4.6962,4.42,4.5,156394
2023-01-06,4.59,4.6368,4.3,4.4,167175
2023-01-09,4.38,4.6,4.37,4.4,168169
2023-01-10,4.41,4.6,4.33,4.48,158746
2023-01-11,4.49,4.78,4.45,4.72,178411
2023-01-12,4.82,5.27,4.65,5.24,244685
2023-01-13,5.16,5.44,5.02,5.29,208696
2023-01-17,5.23,5.3892,5.17,5.33,123663
2023-01-18,5.35,5.4899,4.96,5.15,240743
2023-01-19,5.07,5.14,4.91,4.92,145186
2023-01-20,4.94,5.13,4.81,5.1,130798
2023-01-23,5.13,5.38,5.04,5.38,117957
2023-01-24,5.34,5.5,5.12,5.15,66921
2023-01-25,5.12,5.29,4.95,5.26,75275
2023-01-26,5.38,5.48,5.16,5.23,66088
2023-01-27,5.19,5.63,5.16,5.61,117177
2023-01-30,5.53,5.79,5.4,5.63,145402
2023-01-31,5.66,6.05,5.6,5.88,195369
2023-02-01,5.94,6.22,5.72,6.12,223921
2023-02-02,6.43,7.6292,6.4,7.34,623881
2023-02-03,7.13,7.55,6.911,7.24,219049
2023-02-06,7.13,7.5,6.88,7.02,171229
2023-02-07,7.07,7.15,6.4402,6.7,192571
2023-02-08,6.58,6.9285,6.31,6.34,93447
2023-02-09,6.4,6.4,5.6803,5.735,168584
2023-02-10,5.58,5.81,5.58,5.77,112927
2023-02-13,5.8,5.99,5.6,5.88,79319
2023-02-14,5.77,6.26,5.68,6.24,104337
2023-02-15,6.12,6.89,6.05,6.83,115594
2023-02-16,6.62,6.93,6.4828,6.66,133887
2023-02-17,6.6,6.6,6.08,6.18,134894
2023-02-21,6.11,6.1285,5.84,5.93,85963
2023-02-22,5.89,6.0807,5.8,5.86,113384
2023-02-23,6,6.23,5.37,5.77,229932
2023-02-24,5.35,5.6,5.3,5.35,156552
2023-02-27,5.32,5.4436,4.93,4.97,164549
2023-02-28,5.02,5.13,4.8646,5.01,96256
2023-03-01,5.08,5.13,4.87,4.89,109162
2023-03-02,4.72,4.9,4.63,4.83,98611
2023-03-03,4.89,5.07,4.8511,4.99,81460
2023-03-06,4.96,5.11,4.7,4.73,112990
2023-03-07,4.74,4.87,4.62,4.66,105261
2023-03-08,4.66,4.7362,4.5,4.53,118368
2023-03-09,4.51,4.54,3.97,3.975,301647
2023-03-10,3.95,4,3.65,3.69,261828
2023-03-13,3.595,3.7,3.37,3.46,244179
2023-03-14,3.56,3.7985,3.395,3.47,142490
2023-03-15,3.42,3.58,3.31,3.57,125471
2023-03-16,3.48,3.82,3.43,3.78,147917
2023-03-17,3.74,3.74,3.43,3.54,212190
2023-03-20,3.58,3.74,3.4515,3.66,150815
2023-03-21,3.71,4.2001,3.7,4.12,163147
2023-03-22,4.13,4.32,4.06,4.11,173037
2023-03-23,4.17,4.47,4.04,4.15,127604
2023-03-24,4.14,4.4,4.02,4.37,122034
2023-03-27,4.37,4.37,4.11,4.33,80513
2023-03-28,4.26,4.33,4.01,4.11,78899
2023-03-29,4.12,4.5,4.0858,4.48,78613
2023-03-30,4.52,4.7,4.48,4.58,99893
2023-03-31,4.61,4.67,4.41,4.51,91045
2023-04-03,4.54,4.54,4.17,4.36,215543
2023-04-04,4.35,4.4768,4.23,4.45,86560
2023-04-05,4.36,4.38,4.11,4.16,51643
2023-04-06,4.12,4.36,4.07,4.33,73995
2023-04-10,4.36,4.38,4.2,4.33,75806
2023-04-11,4.39,4.45,4.27,4.28,52925
2023-04-12,4.37,4.49,4.1162,4.15,52947
2023-04-13,4.16,4.21,4.11,4.14,64017
2023-04-14,4.18,4.2299,3.81,4,116609
2023-04-17,3.96,4.07,3.9,3.99,115625
2023-04-18,4.03,4.04,3.82,3.93,129202
2023-04-19,4.05,4.2399,3.97,4.19,251352
2023-04-20,4.19,4.1994,3.92,3.95,112117
2023-04-21,3.96,4.005,3.81,3.83,95544
2023-04-24,3.85,3.85,3.7,3.74,57382
2023-04-25,3.68,3.9904,3.63,3.87,142092
2023-04-26,3.85,4.064,3.76,3.94,91017
2023-04-27,3.97,4.24,3.94,4.2,68196
2023-04-28,4.19,4.42,4.1,4.29,101794
2023-05-01,4.29,4.3314,4.12,4.24,62375
2023-05-02,4.21,4.21,3.9,4.02,110611
2023-05-03,4.05,4.2714,4,4.15,136053
2023-05-04,4.11,5.038,4.11,4.88,277469
2023-05-05,5.06,5.36,4.8601,5.32,208123
2023-05-08,5.28,5.78,5.04,5.54,160861
2023-05-09,5.5,5.5,5.145,5.21,90467
2023-05-10,5.31,5.47,5.1301,5.19,93771
2023-05-11,5.26,5.26,5.0716,5.14,72359
2023-05-12,5.18,5.2774,4.8,5,129518
2023-05-15,5.04,5.04,4.8015,4.91,97449
2023-05-16,4.8,4.87,4.52,4.56,102037
2023-05-17,4.54,4.7503,4.5015,4.73,72125
2023-05-18,4.75,4.77,4.5,4.7,75840
2023-05-19,4.77,4.79,4.41,4.44,48895
2023-05-22,4.44,4.73,4.44,4.71,61609
2023-05-23,4.72,4.95,4.63,4.7,74347
2023-05-24,4.71,4.77,4.452,4.48,53412
2023-05-25,4.51,4.59,4.31,4.42,70294
2023-05-26,4.43,4.58,4.2915,4.48,44139
2023-05-30,4.53,4.85,4.52,4.82,67202
2023-05-31,4.82,4.8799,4.6,4.81,81359
2023-06-01,4.74,5.02,4.66,4.76,97013
2023-06-02,4.79,5.06,4.72,4.98,65203
2023-06-05,4.98,4.9947,4.73,4.79,54846
2023-06-06,4.72,5.4985,4.72,5.21,146000
2023-06-07,5.27,6.16,5.22,6.02,280304
2023-06-08,6.05,6.2385,5.61,5.91,226224
2023-06-09,5.9,5.9914,5.53,5.6,100987
2023-06-12,5.71,5.9521,5.54,5.87,147656
2023-06-13,5.96,6.21,5.86,6,96868
2023-06-14,6.01,6.09,5.65,5.79,103794
2023-06-15,5.79,6.5,5.72,6.41,200505
2023-06-16,6.5,6.5,6.22,6.35,143025
2023-06-20,6.3,6.35,5.83,6.02,118513
2023-06-21,5.92,12.62,5.7,9.62,1540928
2023-06-22,14.4,14.8,12.1,12.9,9747651
2023-06-23,12.73,12.8,10.73,10.98,2155928
2023-06-26,10.24,11.36,10.18,10.98,545954
2023-06-27,10.63,10.87,9.77,9.98,419375
2023-06-28,9.9,12.1439,9.8501,11.94,660683
2023-06-29,11.53,12.4,10.7101,11.21,715950
2023-06-30,8.5,9.98,8.42,8.94,1004125
2023-07-03,8.97,10.5992,8.952,10.08,439376
2023-07-05,9.98,10,9.31,9.8,230937
2023-07-06,9.44,10.08,9.38,9.88,171461
2023-07-07,9.88,10.52,9.3215,10.18,254278
2023-07-10,10.24,11.19,10,10.69,279927
2023-07-11,10.57,10.94,10.26,10.66,139620
2023-07-12,10.98,11.4799,10.4,10.5,274919
2023-07-13,10.72,11.1,10.45,10.71,149483
2023-07-14,10.77,10.8,9.79,9.85,190723
2023-07-17,9.79,10.84,9.72,10.45,165426
2023-07-18,10.39,11.33,10.39,10.65,143440
2023-07-19,11.47,13.05,11.13,12.63,1049387
2023-07-20,12.29,13.668,11.3,11.45,630021
2023-07-21,11.81,12.17,11.03,11.3,261340
2023-07-24,11,11.2758,10.3,10.98,265084
2023-07-25,11.02,11.22,9.96,10.03,259227
2023-07-26,10.1,10.5,9.82,10.08,105562
2023-07-27,10.14,10.65,9.6201,9.67,160502
2023-07-28,9.75,10.28,9.6015,10.11,130317
2023-07-31,10.1,10.95,10.05,10.89,134447
2023-08-01,10.56,10.98,10.2,10.93,103791
2023-08-02,10.63,10.665,10.01,10.33,172112
2023-08-03,11.02,12.4388,10.83,10.98,656992
2023-08-04,10.97,10.9714,9.851,10.09,282110
2023-08-07,10.21,10.35,9.68,9.7,150158
2023-08-08,9.67,9.82,9.28,9.56,120239
2023-08-09,9.49,9.5191,9.04,9.06,106036
2023-08-10,9.05,9.52,8.72,9.11,241557
2023-08-11,9,9.68,9,9.4,129903
2023-08-14,9.42,9.42,9.02,9.3,98922
2023-08-15,9.31,9.6,8.94,9.02,90413
2023-08-16,9,9.42,8.9409,9.16,74639
2023-08-17,9.11,9.1552,8.75,8.86,116023
2023-08-18,8.73,9.565,8.6809,9.45,119965
2023-08-21,9.45,9.61,8.83,8.97,105384
2023-08-22,8.99,9.1309,8.75,9.02,73284
2023-08-23,9.29,9.94,9.15,9.85,109870
2023-08-24,9.83,10.1,9.46,10.08,77302
2023-08-25,10.29,11.02,10.0201,10.69,191185
2023-08-28,10.68,10.885,10.29,10.59,148616
2023-08-29,10.55,11.3,10.51,11.17,112943
2023-08-30,11,11.81,10.97,11.67,161844
2023-08-31,11.7,11.96,11.23,11.44,135673
2023-09-01,11.42,11.9,11.4103,11.8,80006
2023-09-05,11.8,11.99,11.6101,11.78,46666
2023-09-06,11.78,11.88,11.4712,11.68,95253
2023-09-07,11.53,11.745,11.27,11.58,42485
2023-09-08,11.51,11.565,10.95,11.24,50119
2023-09-11,11.39,11.685,11.23,11.52,52143
2023-09-12,11.46,11.71,11.18,11.23,56100
2023-09-13,11.22,11.22,10.32,10.79,139696
2023-09-14,10.83,11.165,10.83,10.9,41895
2023-09-15,10.96,11,10.32,10.55,83060
2023-09-18,10.55,10.76,10.24,10.58,45941
2023-09-19,10.52,10.6,10.17,10.52,48266
2023-09-20,10.6,11.1999,10.52,10.8,103750
2023-09-21,10.57,10.81,10.26,10.39,45256
2023-09-22,10.55,10.5799,10.0111,10.2,57003
2023-09-25,10.04,10.095,9.69,9.9,51761
2023-09-26,9.72,10.09,9.68,9.75,86265
2023-09-27,9.89,9.9999,9.54,9.57,28061
2023-09-28,9.57,9.61,9.32,9.5,56503
2023-09-29,9.54,9.87,9.51,9.51,47026
2023-10-02,9.39,9.63,8.75,8.83,52746
2023-10-03,8.9,8.9,8.34,8.46,57835
2023-10-04,8.53,8.95,8.39,8.88,29752
2023-10-05,8.9,9.16,8.72,8.96,23530
2023-10-06,8.9,9.7899,8.87,9.52,51675
2023-10-09,9.27,9.94,9.27,9.78,60341
2023-10-10,9.83,9.96,9.49,9.91,161210
2023-10-11,9.86,10.49,9.86,10.42,39274
2023-10-12,10.3,10.3653,9.91,10.05,24570
2023-10-13,10.03,10.1099,9.57,9.63,39301
2023-10-16,9.77,10.19,9.6,10.11,38025
2023-10-17,10.01,10.5599,9.6454,10.18,50966
2023-10-18,10,10.1,9.6301,9.71,21702
2023-10-19,9.69,9.86,9.39,9.42,17214
2023-10-20,9.43,9.43,9,9.22,29996
2023-10-23,9.12,9.362,8.8674,9.18,23249
2023-10-24,9.18,9.7378,9.17,9.58,28960
2023-10-25,9.58,9.795,9.07,9.1,21246
2023-10-26,9.18,9.35,8.8401,9.1,32120
2023-10-27,9.03,9.09,8.42,8.64,106868
2023-10-30,8.65,8.79,8.25,8.58,33908
2023-10-31,8.5869,9.14,8.5869,9.04,25064
2023-11-01,8.74,9.48,8.74,8.85,83301
2023-11-02,8.93,10.39,8.93,10.3,136439
2023-11-03,10.33,10.6899,9.92,9.94,58081
2023-11-06,9.94,10.15,9.61,10.04,26896
2023-11-07,10,10.64,10,10.55,36089
2023-11-08,10.54,10.6403,10.0404,10.13,38038
2023-11-09,10.3,10.4265,9.71,9.87,55279
2023-11-10,10.09,10.09,9.73,9.83,35147
2023-11-13,9.67,10.88,9.67,10.6,670431
2023-11-14,9.99,10.5446,9.3,9.4,339267
2023-11-15,9.35,10,9.35,9.8,203677
2023-11-16,9.9,9.9,9.22,9.47,88750
2023-11-17,9.59,9.6995,9.3,9.44,46833
2023-11-20,9.54,9.74,9.395,9.7,83934
2023-11-21,9.56,9.96,9.42,9.42,71601
2023-11-22,9.54,9.7458,9.27,9.43,29778
2023-11-24,9.36,9.965,9.36,9.74,41602
2023-11-27,9.66,9.74,9.2,9.2,87929
2023-11-28,9.28,9.57,8.81,9.52,31605
2023-11-29,9.57,9.92,9.55,9.65,44034
2023-11-30,9.62,9.88,9.5,9.67,27212
2023-12-01,9.6093,10.6,9.6093,10.55,101884
2023-12-04,10.6,12.41,10.58,12.385,365976
2023-12-05,12.36,14.6,11.5015,11.88,1380337
2023-12-06,12.18,12.58,11.25,11.5,158784
2023-12-07,11.4,11.5,9.83,10.25,291352
2023-12-08,10.25,10.79,10.25,10.7,124458
2023-12-11,10.71,10.73,10.13,10.32,60889
2023-12-12,10.32,10.36,9.82,9.84,82421
2023-12-13,9.9,10.04,9.54,9.88,120656
2023-12-14,10,10.55,10,10.47,129153
2023-12-15,10.66,10.68,10.29,10.52,59432
2023-12-18,10.47,10.69,10.36,10.41,43778
2023-12-19,10.45,10.77,10.38,10.6,60987
2023-12-20,10.5,11.15,10.41,10.46,93516
2023-12-21,10.54,10.8642,10.47,10.78,37877
2023-12-22,10.81,11.08,10.6625,10.85,44437
2023-12-26,10.77,11.15,10.635,11.08,83883
2023-12-27,11.08,11.25,10.01,10.72,195433
2023-12-28,10.72,11.2705,10.42,10.55,153900
2023-12-29,10.46,10.6502,10.1674,10.48,65875
2024-01-02,10.42,10.76,10.35,10.47,41200
2024-01-03,10.37,10.75,10.3,10.5,57945
2024-01-04,10.5,10.58,10.4,10.45,49327
2024-01-05,10.42,10.69,10.34,10.65,56279
2024-01-08,10.73,11.39,10.62,11.12,85413
2024-01-09,11.06,11.06,10.68,10.8,37899
2024-01-10,10.89,10.89,10.415,10.58,64170
2024-01-11,10.55,10.61,10.08,10.17,61791
2024-01-12,10.27,10.34,9.54,9.78,88436
2024-01-16,9.7,9.74,9.05,9.09,107831
2024-01-17,9.05,9.43,8.9101,9.35,74634
2024-01-18,9.34,9.38,9.03,9.13,38506
2024-01-19,9.23,9.23,8.7701,8.91,94355
2024-01-22,9.04,9.71,9.01,9.12,109690
2024-01-23,9.29,9.29,8.84,9,50925
2024-01-24,9.19,9.19,8.74,8.81,52217
2024-01-25,8.94,9.055,8.76,8.8,43242
2024-01-26,8.8,8.9512,8.74,8.76,37211
2024-01-29,8.73,8.9581,8.56,8.64,74293
2024-01-30,8.54,8.59,8.23,8.42,60103
2024-01-31,8.48,8.48,7.93,8.1,88586
2024-02-01,8.23,8.23,7.85,8.2,179038
2024-02-02,8.13,8.18,7.92,8.07,45510
2024-02-05,8.01,8.05,7.5,7.63,81093
2024-02-06,7.68,7.81,7.58,7.63,45304
2024-02-07,7.62,7.64,7.27,7.35,84870
2024-02-08,7.39,7.49,7.22,7.39,76834
2024-02-09,7.48,7.61,7.22,7.58,79781
2024-02-12,7.61,9.3799,7.61,8.44,275998
2024-02-13,8.18,8.28,7.95,8.07,80329
2024-02-14,8.11,9.08,7.915,8.72,164868
2024-02-15,8.71,9.1922,8.425,9.12,161941
2024-02-16,9.09,9.09,8.66,8.91,62930
2024-02-20,8.74,9.163,8.61,9.07,99283
2024-02-21,9.11,9.11,8.6,8.67,98941
2024-02-22,11.64,14,11.51,13.29,7277321
2024-02-23,13.64,17.39,13.53,16.96,3589086
2024-02-26,17.19,23.71,17.1,22.76,3165503
2024-02-27,21.96,25.77,20.216,25.2,1787946
2024-02-28,23.82,28.4,23.04,27.97,1327731
2024-02-29,27.95,34.41,27.24,32.11,2237850
2024-03-01,34.36,41.96,31.9,39.11,3455222
2024-03-04,38.33,43.4,35.11,41.9,1863569
2024-03-05,41.19,45.6999,36.69,39.1,1704130
2024-03-06,38.07,46.37,38.07,44.12,1044854
2024-03-07,44.62,45.49,41,44.5,704930
2024-03-08,44.03,47.1,41.76,45.77,646095
2024-03-11,45.2,48.38,41.6,42.65,643570
2024-03-12,42.99,44.18,38.31,43.71,665994
2024-03-13,43,47.32,42.8101,46.77,440291
2024-03-14,47.16,47.695,44.48,46.27,323657
2024-03-15,45.63,53.37,45.1301,52.89,987168
2024-03-18,53,60.58,50.5013,59.13,1117686
2024-03-19,59.4,59.67,46.02,46.54,1758110
2024-03-20,43.5,52.9,42.46,52.25,1164792
2024-03-21,53.48,55.58,50.065,51.77,592345
2024-03-22,51.77,55.28,50.59,53.76,405248
2024-03-25,53.24,58.04,52.15,56.11,366835
2024-03-26,57.72,59.419,56.3101,58.375,274858
2024-03-27,59.19,59.46,54.82,56.04,313079
2024-03-28,56.61,61.5,55.6,61.08,486195
2024-04-01,61,65.19,59.56,60.52,366999
2024-04-02,58,62.4265,55.22,62.08,350702
2024-04-03,61.4,68.97,61.21,68.11,468663
2024-04-04,69.37,73.76,68.2148,70.93,597731
2024-04-05,70.72,83.81,70.2,82.9,1070811
2024-04-08,83,83.79,72.24,78.27,767941
2024-04-09,78.52,85.99,76.2,80.27,717439
2024-04-10,76.82,83.5,75,76.87,649718
2024-04-11,78.45,79.23,63.55,65.7,1096474
2024-04-12,66,68.24,63.27,66.78,465885
2024-04-15,65.14,69.53,63.39,63.45,403233
2024-04-16,62.48,64.54,60.34,61.84,363250
2024-04-17,61.69,63.25,52.65,53.72,672694
2024-04-18,52.92,56.22,50.45,51.43,543932
2024-04-19,50.64,54.1873,49.52,51.44,494132
2024-04-22,51.62,54.89,50.0839,54.47,278744
2024-04-23,55.25,59.46,54.8739,59.17,426428
2024-04-24,60.81,62.4,58.13,60.02,479617
2024-04-25,59.01,62.99,55.56,62.66,231220
2024-04-26,63.53,65.3899,60.2826,64.4,318962
2024-04-29,65.13,67.45,62.262,66.81,367259
2024-04-30,67,70.09,65.56,69.65,685360
2024-05-01,84.68,86.57,68.0439,69.91,2256554
2024-05-02,67,67.1101,53.72,56.85,1594639
2024-05-03,57.64,58.97,52.37,56.29,786688
2024-05-06,56.25,58.67,55.4201,56.62,475324
2024-05-07,56.6,63.1799,55.7092,62.97,872562
2024-05-08,62,64.48,61.81,62.48,365602
2024-05-09,62.19,70.64,60.951,70.34,838063
2024-05-10,70.75,71.0277,63.42,63.86,534021
2024-05-13,64.6,65.912,62,62.95,375074
2024-05-14,63,66.52,60.65,61.04,356776
2024-05-15,62.83,65.5247,59.61,61.37,479542
2024-05-16,62.21,62.5,58.77,61.81,306207
2024-05-17,63.1,70.34,61.2009,65.58,614179
2024-05-20,66,67.32,63.31,63.78,282305
2024-05-21,64.99,65.59,60.33,62.22,284611
2024-05-22,61.74,64.285,60.43,60.76,252178
2024-05-23,60.18,60.4,55.5433,55.91,388219
2024-05-24,56,57.39,55.06,55.5,222843
2024-05-28,55.5,56.225,54.14,55.5,339218
2024-05-29,55.41,57.0726,53.2887,53.53,279699
2024-05-30,53.36,54.3,51.2385,52.19,177565
2024-05-31,53.25,53.91,48.79,50.84,498665
2024-06-03,50.94,51.87,47.43,48.05,361178
2024-06-04,48.03,50.3,47.6832,49.61,248184
2024-06-05,50.86,53.1589,50.615,51.49,259322
2024-06-06,51.5,51.5799,48.58,49.37,277233
2024-06-07,48.68,51.74,47.77,49.45,233731
2024-06-10,49.29,50.57,48.2,48.59,189542
2024-06-11,48.21,48.5386,45.43,47.8,250457
2024-06-12,49.89,50.65,44.44,44.86,289014
2024-06-13,44.49,45.93,43.05,44.09,518043
2024-06-14,42.92,44.16,41.7,42.395,225627
2024-06-17,42.4,45.74,41.13,45.61,312703
2024-06-18,43.84,46.69,43.475,43.78,225749
2024-06-20,43.79,44,41.73,42.47,222130
2024-06-21,42.49,45.04,41.68,45.03,223685
2024-06-24,45.12,45.69,42.205,44.18,253696
2024-06-25,44.36,46.22,43.305,46.05,337667
2024-06-26,46.05,49.065,45.7,46.9,365529
2024-06-27,46.82,51.8,46.2101,50.74,369625
2024-06-28,50.23,52.0973,49.753,51.61,1623619
2024-07-01,51.45,54.25,50.7501,51.48,384642
2024-07-02,50.87,54.28,50.04,53.77,233772
2024-07-03,53.81,56.4,53.81,54.47,319948
2024-07-05,55.88,56.334,52.5,55.64,267004
2024-07-08,56.82,63.34,56.39,60.12,547224
2024-07-09,60.86,68,59.57,66.45,599624
2024-07-10,66.1,67.45,60.1391,61.92,459477
2024-07-11,62,65.99,61.11,63.3,293002
2024-07-12,63.58,69.645,63.445,69.41,457164
2024-07-15,69.6,76.65,69,76.11,475246
2024-07-16,76.98,81.09,75.0401,80.97,383465
2024-07-17,78.82,83.08,76.01,79.41,479457
2024-07-18,81.93,86.01,77.42,79.08,472665
2024-07-19,79.07,82.3,76.672,77.03,191019
2024-07-22,78,78.1775,72.39,75.66,332243
2024-07-23,74.95,79.63,73.7501,74,219374
2024-07-24,72.5,73.1486,69.3801,70,188732
2024-07-25,70.38,72,65.18,66.28,367311
2024-07-26,69.78,69.78,65.3,67.85,190601
2024-07-29,68.52,71.36,66.28,67.06,208156
2024-07-30,67,69.715,63.1303,63.4,211970
2024-07-31,63.95,64.46,60.02,60.23,270509
2024-08-01,61.26,61.36,54.2601,57.74,515903
2024-08-02,54.09,57.9869,53.42,56.41,330055
2024-08-05,51.24,55.29,50.51,53.73,235291
2024-08-06,54.6,56.4,52.45,55.26,324738
2024-08-07,56.79,57,53.29,53.5,413753
2024-08-08,48.42,49.37,40.83,42.99,935317
2024-08-09,43.12,46.88,42.5001,46.14,458224
2024-08-12,46.46,48.4699,45.89,46.7,283638
2024-08-13,46.46,48.675,45.36,46.09,350957
2024-08-14,46.75,48.205,45.88,46.63,316625
2024-08-15,46.94,48.0192,45.14,45.39,340247
2024-08-16,45.21,49.2,45.05,49,351606
2024-08-19,48.8,51.35,47.55,48.94,278556
2024-08-20,48.85,49.53,46.57,47.11,154031
2024-08-21,47.82,47.82,45.7962,46.94,207796
2024-08-22,46.57,47.44,43.74,44.76,163250
2024-08-23,45.03,47.1899,44.3,46.96,190194
2024-08-26,46.88,47.6,44.8491,45.56,140700
2024-08-27,45.32,46.0399,44.02,44.72,133857
2024-08-28,44.54,44.99,41.62,41.88,230947
2024-08-29,41.95,44.79,41.95,43.81,152199
2024-08-30,43.81,44.78,42,43.36,151197
2024-09-03,42.07,42.92,39.8,40.53,251457
2024-09-04,40.4,41.94,39.79,40.36,131228
2024-09-05,40.33,40.67,39,40.09,218552
2024-09-06,39.96,40.52,38.06,38.25,219972
2024-09-09,38.11,39,37.26,37.59,290086
2024-09-10,37.85,37.85,35.66,35.83,395654
2024-09-11,35.73,36.88,35.23,36.34,351014
2024-09-12,36.59,37.23,34.04,37.17,456593
2024-09-13,37.71,40.8,37.52,40.36,309069
2024-09-16,40.49,42.2256,39.74,40.19,261636
2024-09-17,40.75,43.38,40.36,40.96,261202
2024-09-18,40.74,41.39,38.88,39.44,184732
2024-09-19,40.51,41.44,39.59,40.28,120911
2024-09-20,40.21,41.2,39.12,39.64,181272
2024-09-23,39.64,40.8,37.79,37.99,176280
2024-09-24,37.9,39.54,36.95,39.45,184552
2024-09-25,39.54,39.9808,38.17,38.5,114401
2024-09-26,39.32,39.32,37.91,39.09,157793
2024-09-27,38.97,39.735,37.14,37.55,218016
2024-09-30,37.11,39.45,37.11,37.78,171675
2024-10-01,37.76,38.155,37.16,37.74,175726
2024-10-02,37.58,39.54,37.58,39.31,108668
2024-10-03,38.71,39.14,36.92,39.06,135542
2024-10-04,39.69,40.48,38.5,39.88,151532
2024-10-07,39.84,40.065,37.5,37.78,248493
2024-10-08,37.81,38.41,37.3322,37.58,135484
2024-10-09,37.51,38.94,37.0002,38.2,201516
2024-10-10,38.29,45.2,37.64,44.5,722003
2024-10-11,44.74,46.7299,40.53,42.74,570793
2024-10-14,42.64,43.84,41.64,42.23,179988
2024-10-15,42.13,43.27,40.89,42.29,184409
2024-10-16,42.23,43.18,41.2403,42.69,174473
2024-10-17,42.64,43.425,40.9,42.07,172665
2024-10-18,42.02,42.29,40.14,40.15,165172
2024-10-21,40.06,40.1,38.17,38.26,198742
2024-10-22,37.56,39.8,36.87,39.73,262455
2024-10-23,39.75,40.41,38.1,39.22,158000
2024-10-24,39.69,40.6,38.32,38.83,108944
2024-10-25,38.88,39.7,37.74,37.81,149861
2024-10-28,38.45,40.8495,37.898,40.47,222300
2024-10-29,40.41,40.98,38.63,39.57,169975
2024-10-30,39.92,41.9696,39.765,40.49,795366
2024-10-31,81.48,118.15,63.12,68.39,13509221
2024-11-01,72.13,77.15,63.2,71.01,2982034
2024-11-04,70.4,77.34,67.27,70.96,1284556
2024-11-05,69.5,74.3499,68.5,70.98,759462
2024-11-06,73.68,81.78,69.1401,73.78,1483530
2024-11-07,73,83.5,72.99,78.82,1230448
2024-11-08,79.95,85.7094,78.25,81.93,1111736
2024-11-11,85,87.12,79.63,81.3,946153
2024-11-12,79.74,80.99,71.55,74.99,698830
2024-11-13,75.39,80.05,73.1,75.55,525142
2024-11-14,75.4,78.9,73.53,78.81,306581
2024-11-15,78.78,90.29,78.75,88.91,943881
2024-11-18,90.34,97.75,86.58,95.49,819397
2024-11-19,93.13,102.4899,93.07,101.07,643382
2024-11-20,101.11,110.4599,100.6056,104.77,874988
2024-11-21,103.07,111.26,97.01,109.4,602118
2024-11-22,103.17,109.39,101.52,109.23,548667
2024-11-25,109.99,113.22,104.815,108.44,466583
2024-11-26,108.44,111.35,101.53,101.86,321006
2024-11-27,101.99,101.99,87.21,99.06,606890
2024-11-29,100.14,102.758,97.12,99.81,192137
2024-12-02,100.67,102.48,95.4375,99.27,411397
2024-12-03,99.7,103.9083,91.98,92.86,369088
2024-12-04,92.72,94.7199,89.01,90.45,415164
2024-12-05,91.26,97.62,90.27,95.71,379499
2024-12-06,95.42,98.36,92.8093,97.68,334571
2024-12-09,100,104.99,90,91.83,461558
2024-12-10,91.78,92.145,82.21,82.58,361747
2024-12-11,82.24,85.3,81.47,81.48,345942
2024-12-12,81.39,83.7605,75.0775,76.26,393809
2024-12-13,77.49,78.23,75.1,76.29,350587
2024-12-16,75.55,79.0743,74.6139,76.35,325483
2024-12-17,76.35,79.24,72.24,77.91,403157
2024-12-18,77.9,79.99,71,71.75,382564
2024-12-19,72.51,74.17,70.59,71.12,273325
2024-12-20,70.05,74.44,69.5,73.22,403353
2024-12-23,72.61,72.96,68.48,72.65,287357
2024-12-24,72.69,73.34,70.34,72.77,92793
2024-12-26,71.3,76.13,71.3,76.08,213107
2024-12-27,76.23,76.35,70.7,73,281290
2024-12-30,72.1,74.47,70.8211,73.39,201608
2024-12-31,74.28,74.89,71.275,72.59,284282
2025-01-02,73.24,76.56,70.25,73.43,331809
2025-01-03,73.62,77.34,73,75.32,188403
2025-01-06,76.86,77.92,73.5,77.45,353152
2025-01-07,78.02,81.34,72.47,77.89,470376
2025-01-08,77.67,78.99,74.93,77.42,250312
2025-01-10,76.2,77.25,71.7508,77.17,315081
2025-01-13,75.04,81.79,72.4,81.79,327276
2025-01-14,83.22,88.94,82.5,84.81,641101
2025-01-15,88.24,88.45,84.55,85.78,560684
2025-01-16,86,89.92,84.99,88.33,329786
2025-01-17,88.64,89.145,84.8,85.31,273492
2025-01-21,85.67,87.75,77.98,78.86,428237
2025-01-22,78.49,81.48,77.57,81.18,270773
2025-01-23,80.49,85.13,79.1,85.09,253881
2025-01-24,86.26,86.3399,83.19,83.32,185187
2025-01-27,81.59,83.3,78.22,80.8,297149
2025-01-28,81.17,82.75,77.65,82.57,190126
2025-01-29,83,91.34,82,91.17,532163
2025-01-30,92.99,100.9799,90.6204,97.65,574035
2025-01-31,97.71,98.7,94.29,97.5,412869
2025-02-03,94,108.6,93.61,106.2,598351
2025-02-04,105.97,107.28,100.96,104.2,424526
2025-02-05,105.73,107.99,100.66,107.56,252732
2025-02-06,107.73,112,106.75,109.71,345079
2025-02-07,109.46,113.4,108,112.03,262670
2025-02-10,112.36,117.5519,108.9334,116.14,408644
2025-02-11,115.5,117.15,109.1484,114.52,394080
2025-02-12,112.5,121.8699,111,118.32,351795
2025-02-13,120,141.2265,120,138.38,768853
2025-02-14,138.705,140.46,125.39,129.34,542301
2025-02-18,130.2,132.7965,125.94,128.33,326536
2025-02-19,125.42,128.61,117.065,118.69,455962
2025-02-20,117.26,117.26,103.1548,111.23,541326
2025-02-21,111.91,112.7563,99.01,100.21,433929
2025-02-24,100.47,100.7061,91.99,99.34,600060
2025-02-25,97.57,100,95.215,97.09,453631
2025-02-26,97.1,104.39,96.11,98.71,894194
2025-02-27,119.9,136.5099,111.65,123.95,2695478
2025-02-28,122,140,121.1,135.17,1260071
2025-03-03,136.06,142.72,127.11,127.58,1063624
2025-03-04,124.29,137.5,115.36,132.35,807831
2025-03-05,134.68,145.34,128.15,142.75,1041951
2025-03-06,138.6,143.88,125.75,128.32,845177
2025-03-07,127.61,138.79,119.01,133.88,847842
2025-03-10,130,138.29,122.596,127.91,806855
2025-03-11,128.29,143.97,128.29,135.89,1191660
2025-03-12,145,145.98,134.01,140.92,954045
2025-03-13,138.53,141.78,131.01,134.23,639266
2025-03-14,137.99,151.74,136.7051,151.73,1143454
2025-03-17,151.72,154.52,147.23,152.34,605571
